Year,Date,Notes
2020,Jan 29,
2020,Mar 3,emergency
2020,Mar 15,emergency
2020,Apr 29,
2020,Jun 10,
2020,Jul 29,
2020,Sep 16,
2020,Nov 5,
2020,Dec 16,
2021,Jan 27,
2021,Mar 17,
2021,Apr 28,
2021,Jun 16,
2021,Jul 28,
2021,Sep 22,
2021,Nov 3,
2021,Dec 15,
2022,Jan 26,
2022,Mar 16,
2022,May 4,
2022,Jun 15,
2022,Jul 27,
2022,Sep 21,
2022,Nov 2,
2022,Dec 14,
2023,Feb 1,
2023,Mar 22,
2023,May 3,
2023,Jun 14,
2023,Jul 26,
2023,Sep 20,
2023,Nov 1,
2023,Dec 13,
2024,Jan 31,
2024,Mar 20,
2024,May 1,
2024,Jun 12,
2024,Jul 31,
2024,Sep 18,
2024,Nov 7,
2024,Dec 18,
2025,Jan 29,
2025,Mar 19,
2025,May 7,
2025,Jun 18,
2025,Jul 30,
2025,Sep 17,
2025,Oct 29,
2025,Dec 10,
2026,Jan 28,
2026,Mar 18,
